stimulus;name_stimulus;cropping_percentage;orientation(0:vertical_1:horizontal);image_ref_position(0:right/down_1:left/up);answer;time_reaction;entropy
15050.000000;contemporary15050.png;493.000000;0.000000;0.000000;left;3.837488;13.282402
9050.000000;contemporary09050.png;119.000000;1.000000;0.000000;left;5.916580;12.612673
4050.000000;contemporary04050.png;158.000000;0.000000;1.000000;left;4.518724;11.638296
50.000000;contemporary00050.png;290.000000;1.000000;1.000000;right;1.222859;11.643118
10050.000000;contemporary10050.png;363.000000;0.000000;0.000000;left;3.137008;11.629663
7050.000000;contemporary07050.png;577.000000;1.000000;0.000000;left;3.403049;11.584917
1050.000000;contemporary01050.png;367.000000;0.000000;1.000000;right;3.413436;11.477533
14050.000000;contemporary14050.png;553.000000;1.000000;0.000000;left;3.819114;11.476315
18050.000000;contemporary18050.png;493.000000;1.000000;0.000000;left;1.151317;11.476110
20000.000000;contemporary20000.png;399.000000;0.000000;1.000000;left;1.555405;11.476022
19050.000000;contemporary19050.png;451.000000;0.000000;0.000000;left;1.437264;11.475890
12050.000000;contemporary12050.png;253.000000;1.000000;1.000000;left;3.955793;11.473029
8050.000000;contemporary08050.png;635.000000;1.000000;1.000000;left;1.617537;11.453116
16050.000000;contemporary16050.png;183.000000;1.000000;0.000000;left;4.041589;11.452779
11050.000000;contemporary11050.png;605.000000;0.000000;0.000000;left;3.333582;11.449409
17050.000000;contemporary17050.png;246.000000;1.000000;1.000000;left;2.851687;11.449210
6050.000000;contemporary06050.png;218.000000;0.000000;0.000000;left;6.263644;11.390709
2050.000000;contemporary02050.png;384.000000;1.000000;0.000000;right;2.436104;11.110142
13050.000000;contemporary13050.png;451.000000;1.000000;1.000000;left;3.722176;11.109100
3050.000000;contemporary03050.png;271.000000;1.000000;1.000000;right;2.563994;10.815077
5050.000000;contemporary05050.png;328.000000;1.000000;1.000000;right;4.588131;10.792081
1900.000000;contemporary01900.png;419.000000;0.000000;1.000000;right;1.260068;10.746881
18400.000000;contemporary18400.png;441.000000;0.000000;0.000000;left;3.576482;10.746631
300.000000;contemporary00300.png;197.000000;0.000000;1.000000;right;1.172470;10.728650
4650.000000;contemporary04650.png;199.000000;1.000000;1.000000;right;5.316450;10.540610
5250.000000;contemporary05250.png;514.000000;1.000000;1.000000;left;5.884749;10.396083
6300.000000;contemporary06300.png;237.000000;0.000000;1.000000;left;2.778690;10.329194
3800.000000;contemporary03800.png;423.000000;1.000000;1.000000;right;1.152845;10.221764
1950.000000;contemporary01950.png;164.000000;0.000000;1.000000;right;2.304815;10.188604
150.000000;contemporary00150.png;591.000000;1.000000;1.000000;right;1.133215;10.177753
2150.000000;contemporary02150.png;256.000000;0.000000;1.000000;left;4.012972;9.663868
5850.000000;contemporary05850.png;209.000000;1.000000;0.000000;right;3.987059;9.405616
3650.000000;contemporary03650.png;622.000000;0.000000;1.000000;right;2.943384;9.382300
8800.000000;contemporary08800.png;612.000000;0.000000;1.000000;left;3.543558;9.363756
6200.000000;contemporary06200.png;341.000000;1.000000;0.000000;right;6.755454;9.166084
6000.000000;contemporary06000.png;210.000000;0.000000;0.000000;left;1.645569;9.140826
6700.000000;contemporary06700.png;642.000000;0.000000;1.000000;left;1.943567;9.122253
7350.000000;contemporary07350.png;302.000000;0.000000;1.000000;left;1.893833;9.103477
4300.000000;contemporary04300.png;568.000000;0.000000;0.000000;left;2.944146;9.005022
3050.000000;contemporary03050.png;157.000000;0.000000;0.000000;left;3.784001;8.831479
18600.000000;contemporary18600.png;445.000000;1.000000;0.000000;left;2.449979;8.831110
2450.000000;contemporary02450.png;593.000000;0.000000;0.000000;left;2.170193;8.643416
1100.000000;contemporary01100.png;490.000000;0.000000;1.000000;right;0.888233;8.638879
11250.000000;contemporary11250.png;428.000000;0.000000;0.000000;left;5.036308;8.635226
13650.000000;contemporary13650.png;512.000000;0.000000;0.000000;left;1.422387;8.633379
4300.000000;contemporary04300.png;568.000000;1.000000;0.000000;left;8.256341;8.600369
18250.000000;contemporary18250.png;392.000000;1.000000;0.000000;left;1.420487;8.600042
6250.000000;contemporary06250.png;405.000000;0.000000;1.000000;right;1.232471;8.424276
15500.000000;contemporary15500.png;487.000000;1.000000;0.000000;left;3.332756;8.423716
15350.000000;contemporary15350.png;310.000000;1.000000;1.000000;left;2.002672;8.423116
16950.000000;contemporary16950.png;474.000000;1.000000;1.000000;left;2.240821;8.422750
1900.000000;contemporary01900.png;383.000000;0.000000;0.000000;right;0.815227;8.422768
16150.000000;contemporary16150.png;235.000000;0.000000;0.000000;left;2.550870;8.422098
2000.000000;contemporary02000.png;286.000000;0.000000;1.000000;right;1.828884;8.419142
5800.000000;contemporary05800.png;643.000000;0.000000;1.000000;left;3.231214;8.413969
6050.000000;contemporary06050.png;255.000000;0.000000;0.000000;left;2.447228;8.408458
9900.000000;contemporary09900.png;462.000000;0.000000;1.000000;left;3.395415;8.402044
1950.000000;contemporary01950.png;278.000000;0.000000;0.000000;right;2.375400;8.390502
5650.000000;contemporary05650.png;151.000000;1.000000;0.000000;right;0.953390;8.303968
15050.000000;contemporary15050.png;658.000000;0.000000;1.000000;left;2.227673;8.302454
7250.000000;contemporary07250.png;242.000000;1.000000;0.000000;left;3.637397;8.295092
19100.000000;contemporary19100.png;413.000000;1.000000;0.000000;left;1.659772;8.294752
7300.000000;contemporary07300.png;508.000000;1.000000;0.000000;left;2.203487;8.286012
4250.000000;contemporary04250.png;122.000000;1.000000;1.000000;right;1.381507;8.261392
17850.000000;contemporary17850.png;159.000000;1.000000;0.000000;left;7.291664;8.260805
3450.000000;contemporary03450.png;182.000000;1.000000;1.000000;right;0.689949;8.246290
2300.000000;contemporary02300.png;396.000000;1.000000;1.000000;right;0.865959;8.231874
12900.000000;contemporary12900.png;635.000000;1.000000;0.000000;left;0.991947;8.227751
12500.000000;contemporary12500.png;118.000000;0.000000;1.000000;left;2.086092;8.223047
7550.000000;contemporary07550.png;643.000000;0.000000;1.000000;left;2.484020;8.209146
10500.000000;contemporary10500.png;584.000000;1.000000;1.000000;left;0.922113;8.200479
2450.000000;contemporary02450.png;632.000000;0.000000;0.000000;right;3.266294;8.183167
7300.000000;contemporary07300.png;688.000000;0.000000;1.000000;left;2.138266;8.167771
7550.000000;contemporary07550.png;135.000000;0.000000;1.000000;left;1.498631;8.152379
1100.000000;contemporary01100.png;413.000000;0.000000;0.000000;right;0.958432;8.134719
15500.000000;contemporary15500.png;534.000000;1.000000;0.000000;left;2.428298;8.133445
11550.000000;contemporary11550.png;684.000000;1.000000;1.000000;left;1.784531;8.127578
15050.000000;contemporary15050.png;359.000000;0.000000;1.000000;left;2.338905;8.126091
2100.000000;contemporary02100.png;204.000000;0.000000;0.000000;right;3.354818;8.107448
15800.000000;contemporary15800.png;136.000000;1.000000;0.000000;left;1.512658;8.106398
8250.000000;contemporary08250.png;494.000000;0.000000;1.000000;left;3.486845;8.091857
2850.000000;contemporary02850.png;109.000000;0.000000;1.000000;left;3.104709;8.020383
2450.000000;contemporary02450.png;323.000000;0.000000;0.000000;right;1.070897;8.002389
7300.000000;contemporary07300.png;671.000000;0.000000;1.000000;left;2.479444;7.987174
1350.000000;contemporary01350.png;261.000000;1.000000;0.000000;right;1.087110;7.970155
8750.000000;contemporary08750.png;351.000000;1.000000;1.000000;left;2.730985;7.957720
2700.000000;contemporary02700.png;500.000000;1.000000;1.000000;left;3.395290;7.897303
12500.000000;contemporary12500.png;207.000000;1.000000;0.000000;left;1.637238;7.893578
20000.000000;contemporary20000.png;119.000000;0.000000;1.000000;left;0.965257;7.893396
17100.000000;contemporary17100.png;214.000000;1.000000;0.000000;left;1.867274;7.892800
6600.000000;contemporary06600.png;193.000000;1.000000;1.000000;right;0.745534;7.813682
11150.000000;contemporary11150.png;214.000000;0.000000;0.000000;left;3.497336;7.807267
7100.000000;contemporary07100.png;454.000000;0.000000;0.000000;left;2.543747;7.795066
4700.000000;contemporary04700.png;251.000000;1.000000;0.000000;right;1.473583;7.767706
10500.000000;contemporary10500.png;595.000000;0.000000;1.000000;left;2.693564;7.760024
13300.000000;contemporary13300.png;451.000000;0.000000;0.000000;left;6.301673;7.757009
17700.000000;contemporary17700.png;591.000000;1.000000;0.000000;left;1.651763;7.756464
9900.000000;contemporary09900.png;355.000000;0.000000;0.000000;left;1.276136;7.747746
2400.000000;contemporary02400.png;354.000000;0.000000;0.000000;right;0.682113;7.731519
10000.000000;contemporary10000.png;518.000000;0.000000;1.000000;left;1.579904;7.723084
11000.000000;contemporary11000.png;141.000000;0.000000;0.000000;left;0.812112;7.716907
8350.000000;contemporary08350.png;344.000000;1.000000;1.000000;left;1.990069;7.705695
13000.000000;contemporary13000.png;419.000000;1.000000;0.000000;left;1.450374;7.702777
2550.000000;contemporary02550.png;568.000000;1.000000;0.000000;left;1.724167;7.649262
2200.000000;contemporary02200.png;192.000000;0.000000;0.000000;right;1.480386;7.633483
6050.000000;contemporary06050.png;374.000000;1.000000;1.000000;left;2.870329;7.623571
8000.000000;contemporary08000.png;483.000000;1.000000;1.000000;left;1.480374;7.612606
2300.000000;contemporary02300.png;273.000000;1.000000;1.000000;right;0.784329;7.596552
12400.000000;contemporary12400.png;253.000000;0.000000;0.000000;left;2.238559;7.593138
11750.000000;contemporary11750.png;307.000000;1.000000;1.000000;left;1.478412;7.588895
11950.000000;contemporary11950.png;461.000000;0.000000;0.000000;left;1.314728;7.585000
17950.000000;contemporary17950.png;377.000000;0.000000;0.000000;left;1.742831;7.584642
6600.000000;contemporary06600.png;293.000000;1.000000;1.000000;right;1.428901;7.522487
6850.000000;contemporary06850.png;205.000000;0.000000;1.000000;left;2.098618;7.512657
6900.000000;contemporary06900.png;305.000000;0.000000;1.000000;left;1.494794;7.502769
2400.000000;contemporary02400.png;245.000000;1.000000;1.000000;right;0.528867;7.487260
2450.000000;contemporary02450.png;213.000000;1.000000;0.000000;right;0.737058;7.472236
2300.000000;contemporary02300.png;510.000000;1.000000;1.000000;right;1.493279;7.457761
5700.000000;contemporary05700.png;489.000000;1.000000;1.000000;left;2.291077;7.447853
10950.000000;contemporary10950.png;225.000000;1.000000;1.000000;left;1.347147;7.442700
2600.000000;contemporary02600.png;464.000000;0.000000;0.000000;left;1.160912;7.401810
6550.000000;contemporary06550.png;562.000000;1.000000;0.000000;left;2.229462;7.392108
11600.000000;contemporary11600.png;605.000000;0.000000;1.000000;left;1.439026;7.387986
2300.000000;contemporary02300.png;449.000000;1.000000;1.000000;right;1.601516;7.373453
16800.000000;contemporary16800.png;291.000000;0.000000;0.000000;left;1.015405;7.372938
18500.000000;contemporary18500.png;388.000000;1.000000;1.000000;left;1.865474;7.372687
8650.000000;contemporary08650.png;426.000000;1.000000;1.000000;left;2.935529;7.363690
8100.000000;contemporary08100.png;231.000000;1.000000;0.000000;left;2.829445;7.354192
2400.000000;contemporary02400.png;343.000000;0.000000;0.000000;right;0.799453;7.340043
4200.000000;contemporary04200.png;477.000000;1.000000;1.000000;left;2.657655;7.325909
18350.000000;contemporary18350.png;215.000000;1.000000;0.000000;left;1.699507;7.325681
12450.000000;contemporary12450.png;415.000000;0.000000;1.000000;left;1.181566;7.323046
16550.000000;contemporary16550.png;336.000000;0.000000;1.000000;left;1.023711;7.322563
13550.000000;contemporary13550.png;308.000000;1.000000;0.000000;left;0.939713;7.320878
9700.000000;contemporary09700.png;126.000000;0.000000;1.000000;left;2.147895;7.314336
2400.000000;contemporary02400.png;513.000000;0.000000;0.000000;left;3.447966;7.278420
13450.000000;contemporary13450.png;510.000000;0.000000;1.000000;left;1.894052;7.276551
6100.000000;contemporary06100.png;298.000000;0.000000;0.000000;left;0.987971;7.268544
2100.000000;contemporary02100.png;593.000000;0.000000;0.000000;right;2.032125;7.254597
17250.000000;contemporary17250.png;562.000000;0.000000;0.000000;left;4.442249;7.254240
15250.000000;contemporary15250.png;326.000000;1.000000;0.000000;left;1.242067;7.253414
14800.000000;contemporary14800.png;296.000000;1.000000;1.000000;left;1.324285;7.252425
6050.000000;contemporary06050.png;562.000000;1.000000;0.000000;left;1.330314;7.244380
16600.000000;contemporary16600.png;409.000000;1.000000;1.000000;left;1.322661;7.243943
9750.000000;contemporary09750.png;220.000000;0.000000;0.000000;left;1.642409;7.237932
13750.000000;contemporary13750.png;574.000000;1.000000;0.000000;left;1.000461;7.236535
8400.000000;contemporary08400.png;167.000000;0.000000;0.000000;left;1.890603;7.228579
12000.000000;contemporary12000.png;214.000000;0.000000;0.000000;left;4.998452;7.225909
2200.000000;contemporary02200.png;611.000000;0.000000;1.000000;right;4.438757;7.212492
18250.000000;contemporary18250.png;450.000000;1.000000;1.000000;left;1.641040;7.212311
17000.000000;contemporary17000.png;100.000000;1.000000;1.000000;left;4.392948;7.211997
10350.000000;contemporary10350.png;417.000000;1.000000;0.000000;left;0.857206;7.207361
15050.000000;contemporary15050.png;399.000000;0.000000;1.000000;left;1.465349;7.206646
9400.000000;contemporary09400.png;543.000000;1.000000;1.000000;left;1.348915;7.200619
2300.000000;contemporary02300.png;150.000000;1.000000;1.000000;right;0.749437;7.187769
11550.000000;contemporary11550.png;635.000000;1.000000;1.000000;left;0.779521;7.184922
14250.000000;contemporary14250.png;657.000000;1.000000;1.000000;left;3.165267;7.183998
450.000000;contemporary00450.png;618.000000;0.000000;0.000000;right;1.357282;7.174161
16150.000000;contemporary16150.png;431.000000;0.000000;1.000000;left;1.977228;7.173780
800.000000;contemporary00800.png;317.000000;1.000000;0.000000;right;0.619191;7.163661
7300.000000;contemporary07300.png;173.000000;0.000000;0.000000;left;0.741324;7.155492
2500.000000;contemporary02500.png;125.000000;0.000000;1.000000;right;1.271443;7.143784
2600.000000;contemporary02600.png;517.000000;1.000000;0.000000;left;1.063733;7.112831
8450.000000;contemporary08450.png;174.000000;0.000000;0.000000;left;1.767577;7.105817
16350.000000;contemporary16350.png;262.000000;1.000000;0.000000;left;2.079617;7.105489
9200.000000;contemporary09200.png;350.000000;1.000000;0.000000;left;0.727537;7.099743
18750.000000;contemporary18750.png;163.000000;0.000000;0.000000;left;0.567552;7.099637
2400.000000;contemporary02400.png;444.000000;1.000000;0.000000;right;1.441648;7.088141
18300.000000;contemporary18300.png;543.000000;1.000000;0.000000;left;0.925841;7.088019
16550.000000;contemporary16550.png;691.000000;1.000000;1.000000;left;0.928199;7.087743
14700.000000;contemporary14700.png;206.000000;1.000000;0.000000;left;3.143932;7.087102
2450.000000;contemporary02450.png;664.000000;0.000000;0.000000;right;1.774193;7.075963
5900.000000;contemporary05900.png;380.000000;0.000000;1.000000;left;1.633846;7.068896
650.000000;contemporary00650.png;435.000000;1.000000;1.000000;right;1.401972;7.060095
5850.000000;contemporary05850.png;132.000000;0.000000;0.000000;left;2.078382;7.052983
11600.000000;contemporary11600.png;639.000000;0.000000;0.000000;left;1.980205;7.050822
19750.000000;contemporary19750.png;524.000000;1.000000;1.000000;left;3.114261;7.050775
5800.000000;contemporary05800.png;379.000000;0.000000;1.000000;right;1.470521;7.010772
15500.000000;contemporary15500.png;207.000000;0.000000;0.000000;left;3.248520;7.010353
1450.000000;contemporary01450.png;301.000000;1.000000;0.000000;right;1.142363;7.000664
2550.000000;contemporary02550.png;505.000000;1.000000;0.000000;left;1.964498;6.971970
17850.000000;contemporary17850.png;548.000000;0.000000;1.000000;left;1.058576;6.971817
9100.000000;contemporary09100.png;458.000000;0.000000;0.000000;left;1.964408;6.966221
2350.000000;contemporary02350.png;637.000000;0.000000;0.000000;right;2.056621;6.955904
6000.000000;contemporary06000.png;365.000000;0.000000;0.000000;right;2.404494;6.917059
17450.000000;contemporary17450.png;156.000000;0.000000;0.000000;left;5.904913;6.916859
6450.000000;contemporary06450.png;698.000000;0.000000;0.000000;left;1.398786;6.909876
2500.000000;contemporary02500.png;279.000000;0.000000;0.000000;right;2.204943;6.899769
7700.000000;contemporary07700.png;479.000000;1.000000;0.000000;left;0.750887;6.892653
2050.000000;contemporary02050.png;643.000000;1.000000;1.000000;right;3.271380;6.883051
2550.000000;contemporary02550.png;303.000000;1.000000;0.000000;right;0.703087;6.873418
13700.000000;contemporary13700.png;129.000000;0.000000;1.000000;left;0.745268;6.872509
10150.000000;contemporary10150.png;538.000000;1.000000;1.000000;left;0.889135;6.868654
14550.000000;contemporary14550.png;516.000000;0.000000;1.000000;left;0.957138;6.868052
6050.000000;contemporary06050.png;568.000000;0.000000;0.000000;left;0.697127;6.861436
10250.000000;contemporary10250.png;162.000000;1.000000;0.000000;right;0.795339;6.777834
8800.000000;contemporary08800.png;635.000000;0.000000;1.000000;left;3.607553;6.771839
13400.000000;contemporary13400.png;143.000000;0.000000;0.000000;left;2.891316;6.770443
15000.000000;contemporary15000.png;510.000000;1.000000;0.000000;left;2.037739;6.769720
13100.000000;contemporary13100.png;170.000000;0.000000;1.000000;left;1.393610;6.768164
3300.000000;contemporary03300.png;550.000000;1.000000;1.000000;right;3.465700;6.758021
13550.000000;contemporary13550.png;541.000000;0.000000;1.000000;left;3.069942;6.756742
16700.000000;contemporary16700.png;320.000000;0.000000;0.000000;left;5.997877;6.756407
12150.000000;contemporary12150.png;574.000000;1.000000;0.000000;left;4.469947;6.754226
2400.000000;contemporary02400.png;563.000000;0.000000;0.000000;right;1.666275;6.745120
4750.000000;contemporary04750.png;237.000000;1.000000;1.000000;left;0.754166;6.738672
7150.000000;contemporary07150.png;569.000000;0.000000;0.000000;left;1.376120;6.732249
2400.000000;contemporary02400.png;419.000000;0.000000;0.000000;right;0.620449;6.723249
5200.000000;contemporary05200.png;167.000000;0.000000;1.000000;left;1.350061;6.717780
2350.000000;contemporary02350.png;679.000000;1.000000;0.000000;left;1.274347;6.693559
12400.000000;contemporary12400.png;360.000000;1.000000;1.000000;left;2.218580;6.691670
2200.000000;contemporary02200.png;212.000000;1.000000;0.000000;right;0.802468;6.682728
15000.000000;contemporary15000.png;562.000000;0.000000;0.000000;left;0.946520;6.682094
2200.000000;contemporary02200.png;504.000000;0.000000;0.000000;right;1.102865;6.673397
6350.000000;contemporary06350.png;135.000000;1.000000;0.000000;right;1.652544;6.640582
14350.000000;contemporary14350.png;175.000000;1.000000;0.000000;left;1.140741;6.639676
2250.000000;contemporary02250.png;354.000000;0.000000;1.000000;right;0.974584;6.631212
13100.000000;contemporary13100.png;165.000000;1.000000;1.000000;left;0.994890;6.629747
2300.000000;contemporary02300.png;159.000000;0.000000;0.000000;right;5.944822;6.621497
4200.000000;contemporary04200.png;290.000000;0.000000;0.000000;right;1.500979;6.609977
5450.000000;contemporary05450.png;636.000000;0.000000;1.000000;left;2.538986;6.604896
8950.000000;contemporary08950.png;227.000000;0.000000;0.000000;left;1.838876;6.599486
17900.000000;contemporary17900.png;435.000000;1.000000;0.000000;left;1.352843;6.599318
4150.000000;contemporary04150.png;693.000000;1.000000;0.000000;left;1.060921;6.591314
6450.000000;contemporary06450.png;144.000000;0.000000;1.000000;left;1.029276;6.585638
5100.000000;contemporary05100.png;341.000000;1.000000;1.000000;left;1.475032;6.580702
2250.000000;contemporary02250.png;196.000000;0.000000;1.000000;right;1.895284;6.572585
16800.000000;contemporary16800.png;512.000000;0.000000;0.000000;left;1.103458;6.572336
8300.000000;contemporary08300.png;459.000000;1.000000;0.000000;left;0.625383;6.566547
2550.000000;contemporary02550.png;354.000000;0.000000;0.000000;right;0.605495;6.558552
9000.000000;contemporary09000.png;355.000000;1.000000;0.000000;left;0.735369;6.553546
3150.000000;contemporary03150.png;274.000000;0.000000;0.000000;right;3.701404;6.545360
11400.000000;contemporary11400.png;662.000000;1.000000;0.000000;left;1.275483;6.543041
6000.000000;contemporary06000.png;556.000000;1.000000;1.000000;right;1.669588;6.516768
13650.000000;contemporary13650.png;509.000000;0.000000;0.000000;left;1.157812;6.515778
5300.000000;contemporary05300.png;594.000000;0.000000;0.000000;left;1.151443;6.511013
2350.000000;contemporary02350.png;637.000000;1.000000;1.000000;right;3.959926;6.503469
12600.000000;contemporary12600.png;673.000000;0.000000;1.000000;left;0.867599;6.502007
12050.000000;contemporary12050.png;586.000000;0.000000;1.000000;left;0.471733;6.500195
3000.000000;contemporary03000.png;295.000000;1.000000;1.000000;right;0.615707;6.492645
6450.000000;contemporary06450.png;208.000000;0.000000;0.000000;left;0.538108;6.487231
550.000000;contemporary00550.png;492.000000;1.000000;1.000000;right;1.647728;6.481237
4100.000000;contemporary04100.png;577.000000;1.000000;1.000000;left;1.589936;6.473187
6400.000000;contemporary06400.png;551.000000;0.000000;0.000000;left;0.670199;6.467814
1650.000000;contemporary01650.png;503.000000;1.000000;1.000000;right;2.316172;6.460876
11100.000000;contemporary11100.png;334.000000;0.000000;1.000000;left;0.809935;6.458517
6350.000000;contemporary06350.png;574.000000;1.000000;1.000000;left;2.484135;6.453199
7700.000000;contemporary07700.png;671.000000;1.000000;0.000000;left;1.106292;6.447599
1500.000000;contemporary01500.png;479.000000;1.000000;0.000000;left;5.132230;6.419018
19950.000000;contemporary19950.png;492.000000;0.000000;1.000000;left;0.856145;6.418972
4750.000000;contemporary04750.png;115.000000;0.000000;0.000000;right;1.636445;6.405523
2250.000000;contemporary02250.png;322.000000;1.000000;1.000000;right;0.810698;6.398427
13400.000000;contemporary13400.png;206.000000;1.000000;1.000000;left;0.670560;6.397470
6450.000000;contemporary06450.png;234.000000;1.000000;0.000000;left;0.884541;6.392332
2200.000000;contemporary02200.png;208.000000;1.000000;0.000000;right;0.848911;6.385381
13100.000000;contemporary13100.png;497.000000;0.000000;0.000000;left;0.744723;6.384352
10750.000000;contemporary10750.png;647.000000;0.000000;1.000000;left;0.752667;6.381743
13700.000000;contemporary13700.png;330.000000;1.000000;1.000000;left;1.190892;6.380964
9450.000000;contemporary09450.png;265.000000;1.000000;0.000000;left;0.824686;6.377078
6350.000000;contemporary06350.png;583.000000;0.000000;1.000000;right;2.117004;6.350234
750.000000;contemporary00750.png;152.000000;1.000000;1.000000;right;0.796597;6.344328
19750.000000;contemporary19750.png;664.000000;0.000000;0.000000;left;1.178612;6.344279
12150.000000;contemporary12150.png;421.000000;1.000000;1.000000;left;1.218704;6.342712
17500.000000;contemporary17500.png;182.000000;1.000000;0.000000;left;0.692798;6.342569
2350.000000;contemporary02350.png;164.000000;0.000000;1.000000;left;1.845019;6.322803
18500.000000;contemporary18500.png;346.000000;0.000000;1.000000;left;1.114783;6.322703
18650.000000;contemporary18650.png;693.000000;1.000000;1.000000;left;0.858928;6.322610
3500.000000;contemporary03500.png;246.000000;1.000000;0.000000;right;0.677008;6.315185
12050.000000;contemporary12050.png;347.000000;1.000000;1.000000;left;0.721255;6.313488
13800.000000;contemporary13800.png;431.000000;1.000000;1.000000;left;2.288952;6.312663
7850.000000;contemporary07850.png;532.000000;0.000000;1.000000;left;0.758954;6.307585
3950.000000;contemporary03950.png;308.000000;1.000000;1.000000;right;1.093192;6.299269
6500.000000;contemporary06500.png;230.000000;0.000000;0.000000;left;2.761130;6.294635
2800.000000;contemporary02800.png;570.000000;1.000000;1.000000;right;3.323099;6.288119
250.000000;contemporary00250.png;654.000000;1.000000;1.000000;right;1.547223;6.283061
1100.000000;contemporary01100.png;523.000000;0.000000;1.000000;right;1.003653;6.277352
5600.000000;contemporary05600.png;504.000000;0.000000;0.000000;left;1.479511;6.273257
10650.000000;contemporary10650.png;206.000000;0.000000;1.000000;left;1.695529;6.270727
14200.000000;contemporary14200.png;164.000000;1.000000;0.000000;left;2.797488;6.270141
2500.000000;contemporary02500.png;216.000000;0.000000;1.000000;left;3.484059;6.252227
2500.000000;contemporary02500.png;434.000000;0.000000;1.000000;right;0.606176;6.246059
6450.000000;contemporary06450.png;303.000000;0.000000;0.000000;left;1.697921;6.241525
7800.000000;contemporary07800.png;477.000000;1.000000;0.000000;left;0.871718;6.236691
6400.000000;contemporary06400.png;401.000000;0.000000;0.000000;left;0.499973;6.232222
19950.000000;contemporary19950.png;391.000000;1.000000;1.000000;left;2.868053;6.232186
2300.000000;contemporary02300.png;657.000000;0.000000;1.000000;right;1.000367;6.226082
12900.000000;contemporary12900.png;306.000000;1.000000;1.000000;left;1.654091;6.225110
3150.000000;contemporary03150.png;488.000000;1.000000;1.000000;right;6.854453;6.218794
6400.000000;contemporary06400.png;601.000000;1.000000;0.000000;left;1.452479;6.214260
8850.000000;contemporary08850.png;430.000000;1.000000;0.000000;left;1.336208;6.210282
10550.000000;contemporary10550.png;554.000000;0.000000;0.000000;left;1.020466;6.207926
7350.000000;contemporary07350.png;684.000000;1.000000;0.000000;left;0.566429;6.203168
16000.000000;contemporary16000.png;673.000000;1.000000;0.000000;left;0.858299;6.202961
6300.000000;contemporary06300.png;269.000000;1.000000;0.000000;right;1.916610;6.179274
12800.000000;contemporary12800.png;454.000000;1.000000;1.000000;left;0.980366;6.178284
1200.000000;contemporary01200.png;371.000000;0.000000;0.000000;right;1.910475;6.172859
12900.000000;contemporary12900.png;269.000000;1.000000;1.000000;left;0.850768;6.171932
2400.000000;contemporary02400.png;183.000000;1.000000;1.000000;right;0.866684;6.166187
6400.000000;contemporary06400.png;402.000000;1.000000;0.000000;left;3.113137;6.161893
16950.000000;contemporary16950.png;370.000000;0.000000;1.000000;left;3.786898;6.161761
1100.000000;contemporary01100.png;213.000000;1.000000;1.000000;right;3.244183;6.156575
9700.000000;contemporary09700.png;316.000000;1.000000;1.000000;left;4.620812;6.153581
15300.000000;contemporary15300.png;150.000000;0.000000;1.000000;left;1.432557;6.153300
11350.000000;contemporary11350.png;342.000000;0.000000;0.000000;left;3.124627;6.151656
6350.000000;contemporary06350.png;299.000000;0.000000;0.000000;left;2.438798;6.147407
3750.000000;contemporary03750.png;631.000000;0.000000;0.000000;right;2.854504;6.140660
18300.000000;contemporary18300.png;128.000000;0.000000;0.000000;left;2.538635;6.140600
13450.000000;contemporary13450.png;427.000000;1.000000;1.000000;left;2.225180;6.139957
17350.000000;contemporary17350.png;282.000000;0.000000;0.000000;left;2.006986;6.139860
4900.000000;contemporary04900.png;533.000000;1.000000;1.000000;right;4.006867;6.128528
9600.000000;contemporary09600.png;654.000000;0.000000;1.000000;right;4.335045;6.081573
2350.000000;contemporary02350.png;691.000000;1.000000;1.000000;right;1.285651;6.076350
16000.000000;contemporary16000.png;382.000000;0.000000;1.000000;left;0.905327;6.076086
2400.000000;contemporary02400.png;402.000000;1.000000;1.000000;right;0.645497;6.070965
6600.000000;contemporary06600.png;385.000000;0.000000;0.000000;left;2.295595;6.067198
14750.000000;contemporary14750.png;501.000000;1.000000;0.000000;left;2.189582;6.066759
550.000000;contemporary00550.png;280.000000;1.000000;1.000000;right;0.719756;6.062435
19550.000000;contemporary19550.png;581.000000;0.000000;1.000000;left;1.185668;6.062391
10000.000000;contemporary10000.png;667.000000;1.000000;1.000000;left;1.187489;6.059661
13250.000000;contemporary13250.png;115.000000;1.000000;0.000000;left;0.717676;6.058846
11200.000000;contemporary11200.png;323.000000;1.000000;1.000000;left;0.763735;6.057027
15750.000000;contemporary15750.png;323.000000;1.000000;1.000000;left;0.543504;6.056763
16850.000000;contemporary16850.png;501.000000;1.000000;0.000000;left;1.027506;6.056607
11400.000000;contemporary11400.png;344.000000;0.000000;1.000000;left;0.791622;6.054933
18350.000000;contemporary18350.png;391.000000;1.000000;1.000000;left;1.079882;6.054858
5500.000000;contemporary05500.png;693.000000;1.000000;1.000000;right;5.715834;6.040553
4800.000000;contemporary04800.png;248.000000;0.000000;1.000000;left;1.585855;6.036280
17100.000000;contemporary17100.png;435.000000;1.000000;1.000000;left;0.842039;6.036137
2450.000000;contemporary02450.png;370.000000;1.000000;0.000000;right;1.400118;6.031293
17500.000000;contemporary17500.png;630.000000;1.000000;0.000000;left;0.886499;6.031178
11900.000000;contemporary11900.png;173.000000;1.000000;0.000000;left;2.762068;6.029798
2450.000000;contemporary02450.png;270.000000;1.000000;1.000000;right;1.570434;6.025029
15700.000000;contemporary15700.png;399.000000;0.000000;1.000000;left;1.870262;6.024769
15900.000000;contemporary15900.png;445.000000;1.000000;0.000000;left;1.618172;6.024532
6600.000000;contemporary06600.png;631.000000;1.000000;1.000000;left;3.760207;6.020926
500.000000;contemporary00500.png;363.000000;1.000000;0.000000;right;0.858350;6.016961
2950.000000;contemporary02950.png;295.000000;1.000000;0.000000;right;0.636490;6.012145
6550.000000;contemporary06550.png;428.000000;0.000000;1.000000;right;4.292613;5.990238
6650.000000;contemporary06650.png;409.000000;0.000000;1.000000;left;1.820414;5.986774
18800.000000;contemporary18800.png;340.000000;1.000000;1.000000;left;2.028673;5.986716
2500.000000;contemporary02500.png;150.000000;0.000000;0.000000;right;2.286909;5.982170
6600.000000;contemporary06600.png;107.000000;0.000000;1.000000;left;1.890983;5.978608
2400.000000;contemporary02400.png;479.000000;0.000000;1.000000;right;1.281009;5.974017
19400.000000;contemporary19400.png;699.000000;1.000000;1.000000;left;0.928838;5.973978
7950.000000;contemporary07950.png;358.000000;0.000000;0.000000;right;2.688962;5.941819
1800.000000;contemporary01800.png;138.000000;1.000000;0.000000;right;0.906844;5.937688
15700.000000;contemporary15700.png;468.000000;0.000000;1.000000;left;1.483427;5.937409
17200.000000;contemporary17200.png;214.000000;1.000000;0.000000;left;1.256919;5.937270
17500.000000;contemporary17500.png;402.000000;1.000000;1.000000;left;1.119033;5.937150
15500.000000;contemporary15500.png;221.000000;1.000000;0.000000;left;2.587257;5.936846
6700.000000;contemporary06700.png;472.000000;1.000000;1.000000;right;7.681588;5.914496
13050.000000;contemporary13050.png;410.000000;0.000000;1.000000;left;1.157334;5.913555
2550.000000;contemporary02550.png;517.000000;1.000000;0.000000;left;1.271666;5.894720
15950.000000;contemporary15950.png;316.000000;1.000000;0.000000;left;1.869339;5.894418
4700.000000;contemporary04700.png;541.000000;1.000000;0.000000;left;1.053936;5.890184
12400.000000;contemporary12400.png;571.000000;1.000000;1.000000;left;1.425886;5.888903
2400.000000;contemporary02400.png;455.000000;0.000000;0.000000;right;1.629779;5.884835
1300.000000;contemporary01300.png;601.000000;0.000000;0.000000;right;1.005596;5.880925
16650.000000;contemporary16650.png;502.000000;0.000000;1.000000;left;2.333804;5.880719
5450.000000;contemporary05450.png;173.000000;1.000000;1.000000;right;0.887798;5.868632
10050.000000;contemporary10050.png;133.000000;0.000000;0.000000;left;2.799760;5.866061
500.000000;contemporary00500.png;600.000000;0.000000;1.000000;right;0.836061;5.862597
8050.000000;contemporary08050.png;158.000000;1.000000;1.000000;left;1.331969;5.859468
2700.000000;contemporary02700.png;186.000000;1.000000;1.000000;right;0.690401;5.855886
150.000000;contemporary00150.png;610.000000;1.000000;1.000000;right;1.286001;5.852840
19700.000000;contemporary19700.png;263.000000;1.000000;0.000000;left;3.519948;5.852794
7750.000000;contemporary07750.png;558.000000;1.000000;0.000000;left;1.562362;5.849837
11600.000000;contemporary11600.png;202.000000;1.000000;1.000000;left;1.090221;5.848379
9800.000000;contemporary09800.png;666.000000;0.000000;1.000000;left;1.272487;5.845978
6750.000000;contemporary06750.png;420.000000;1.000000;1.000000;right;2.678272;5.822859
12050.000000;contemporary12050.png;243.000000;0.000000;1.000000;left;1.792677;5.821552
16700.000000;contemporary16700.png;167.000000;0.000000;0.000000;left;1.758432;5.821356
2550.000000;contemporary02550.png;600.000000;0.000000;0.000000;right;1.390879;5.818116
6800.000000;contemporary06800.png;184.000000;0.000000;0.000000;left;3.020415;5.815895
2200.000000;contemporary02200.png;254.000000;0.000000;0.000000;right;1.766577;5.812709
6800.000000;contemporary06800.png;397.000000;0.000000;1.000000;right;2.184926;5.789426
6100.000000;contemporary06100.png;144.000000;1.000000;0.000000;right;0.564757;5.773189
100.000000;contemporary00100.png;100.000000;0.000000;0.000000;right;1.318672;5.770299
3600.000000;contemporary03600.png;205.000000;0.000000;0.000000;right;2.344759;5.767051
10000.000000;contemporary10000.png;664.000000;1.000000;0.000000;left;2.137185;5.764755
7100.000000;contemporary07100.png;414.000000;0.000000;0.000000;right;1.839086;5.739633
1750.000000;contemporary01750.png;204.000000;0.000000;0.000000;right;2.934929;5.736337
18900.000000;contemporary18900.png;677.000000;0.000000;1.000000;left;2.857120;5.736252
200.000000;contemporary00200.png;524.000000;1.000000;1.000000;right;0.945001;5.733394
8850.000000;contemporary08850.png;564.000000;0.000000;0.000000;left;1.205510;5.730742
6950.000000;contemporary06950.png;614.000000;1.000000;0.000000;left;1.785126;5.728926
3000.000000;contemporary03000.png;647.000000;1.000000;1.000000;left;4.799476;5.711598
9850.000000;contemporary09850.png;612.000000;0.000000;0.000000;left;1.463434;5.709103
17650.000000;contemporary17650.png;419.000000;0.000000;1.000000;left;0.675591;5.708956
2650.000000;contemporary02650.png;212.000000;0.000000;0.000000;right;1.763385;5.706117
6900.000000;contemporary06900.png;129.000000;1.000000;1.000000;right;1.255816;5.683598
2650.000000;contemporary02650.png;246.000000;0.000000;0.000000;right;1.389760;5.680404
18950.000000;contemporary18950.png;592.000000;1.000000;1.000000;left;3.807496;5.680316
4400.000000;contemporary04400.png;213.000000;0.000000;0.000000;right;1.925665;5.675730
7000.000000;contemporary07000.png;475.000000;1.000000;1.000000;left;4.308056;5.673794
7000.000000;contemporary07000.png;401.000000;0.000000;1.000000;right;1.125883;5.651749
14100.000000;contemporary14100.png;549.000000;1.000000;1.000000;left;3.043811;5.650963
2700.000000;contemporary02700.png;308.000000;1.000000;0.000000;right;0.894202;5.647650
3700.000000;contemporary03700.png;504.000000;0.000000;0.000000;right;1.421926;5.644500
12400.000000;contemporary12400.png;105.000000;0.000000;1.000000;left;3.240283;5.643139
7000.000000;contemporary07000.png;644.000000;1.000000;0.000000;left;3.660145;5.641279
650.000000;contemporary00650.png;603.000000;1.000000;1.000000;right;1.556499;5.638463
1450.000000;contemporary01450.png;450.000000;0.000000;1.000000;right;0.684539;5.635766
13050.000000;contemporary13050.png;536.000000;1.000000;0.000000;left;6.062240;5.634800
9600.000000;contemporary09600.png;134.000000;0.000000;1.000000;left;1.654584;5.632572
7000.000000;contemporary07000.png;678.000000;1.000000;0.000000;left;0.906968;5.631373
4850.000000;contemporary04850.png;660.000000;0.000000;0.000000;right;1.342716;5.625710
6850.000000;contemporary06850.png;338.000000;0.000000;0.000000;right;1.612762;5.603633
3300.000000;contemporary03300.png;154.000000;0.000000;1.000000;left;3.392521;5.588858
300.000000;contemporary00300.png;574.000000;1.000000;0.000000;right;1.690760;5.585820
7050.000000;contemporary07050.png;136.000000;1.000000;0.000000;left;2.394734;5.583922
11100.000000;contemporary11100.png;603.000000;0.000000;1.000000;left;1.956974;5.582011
16200.000000;contemporary16200.png;267.000000;1.000000;1.000000;left;1.799008;5.581711
2750.000000;contemporary02750.png;472.000000;1.000000;1.000000;left;4.265100;5.563913
2700.000000;contemporary02700.png;253.000000;0.000000;1.000000;right;2.153011;5.560442
17800.000000;contemporary17800.png;535.000000;1.000000;0.000000;left;1.651254;5.560279
9450.000000;contemporary09450.png;342.000000;1.000000;1.000000;left;1.673538;5.557346
2250.000000;contemporary02250.png;407.000000;0.000000;0.000000;right;0.607662;5.554281
13200.000000;contemporary13200.png;418.000000;1.000000;1.000000;left;1.625188;5.553257
16500.000000;contemporary16500.png;291.000000;1.000000;0.000000;left;1.861443;5.552985
13850.000000;contemporary13850.png;165.000000;0.000000;0.000000;left;1.039302;5.552186
8150.000000;contemporary08150.png;526.000000;1.000000;0.000000;left;0.989571;5.549812
7000.000000;contemporary07000.png;647.000000;1.000000;1.000000;left;3.453641;5.548473
2750.000000;contemporary02750.png;603.000000;0.000000;1.000000;right;0.879996;5.546509
18750.000000;contemporary18750.png;451.000000;0.000000;0.000000;left;6.058033;5.546422
15750.000000;contemporary15750.png;365.000000;0.000000;0.000000;left;0.957677;5.546095
15700.000000;contemporary15700.png;224.000000;1.000000;0.000000;left;0.909829;5.545762
3350.000000;contemporary03350.png;443.000000;1.000000;0.000000;left;0.532012;5.531202
3700.000000;contemporary03700.png;645.000000;0.000000;1.000000;right;1.269993;5.528664
850.000000;contemporary00850.png;583.000000;0.000000;0.000000;right;0.743797;5.526110
7000.000000;contemporary07000.png;318.000000;1.000000;1.000000;left;1.046333;5.525153
12850.000000;contemporary12850.png;297.000000;1.000000;1.000000;left;1.164066;5.524190
19400.000000;contemporary19400.png;452.000000;0.000000;0.000000;left;0.880276;5.524127
6950.000000;contemporary06950.png;556.000000;0.000000;1.000000;right;2.074302;5.501058
4700.000000;contemporary04700.png;217.000000;1.000000;1.000000;left;2.658613;5.496771
15100.000000;contemporary15100.png;538.000000;0.000000;0.000000;left;1.574247;5.496281
15250.000000;contemporary15250.png;144.000000;0.000000;1.000000;left;1.152193;5.495821
17800.000000;contemporary17800.png;359.000000;0.000000;1.000000;left;1.074160;5.495668
1000.000000;contemporary01000.png;558.000000;1.000000;1.000000;right;1.966469;5.492741
4600.000000;contemporary04600.png;411.000000;0.000000;1.000000;right;0.690467;5.488282
16400.000000;contemporary16400.png;508.000000;1.000000;0.000000;left;0.838549;5.488008
18400.000000;contemporary18400.png;239.000000;0.000000;0.000000;left;0.450519;5.487896
12650.000000;contemporary12650.png;554.000000;1.000000;1.000000;left;0.782360;5.486732
19100.000000;contemporary19100.png;679.000000;1.000000;0.000000;left;1.206710;5.486650
1300.000000;contemporary01300.png;448.000000;0.000000;1.000000;right;0.502522;5.484132
17550.000000;contemporary17550.png;359.000000;1.000000;1.000000;left;2.286660;5.483973
12850.000000;contemporary12850.png;581.000000;0.000000;0.000000;left;1.476825;5.482941
7000.000000;contemporary07000.png;321.000000;0.000000;1.000000;right;3.730919;5.461106
